AH0325_v1_c2	G1	416619	IncFII,IncFIB,rep_cluster_1150	MOBF,MOBH	MPF_F	-	Conjugative
AH0325_v1_c4	G1	52432	IncN	MOBF	MPF_T	MOBF	Conjugative
AH0326_v1_c3	G1	166085	IncFIB,IncFII	MOBF	MPF_F	-	Conjugative
AH0327_v1_c3	G1	167530	IncFIB,IncFII	MOBF	MPF_F	-	Conjugative
AH0329_v1_c2	G1	148756	IncFIB,IncFII	MOBF	MPF_F	-	Conjugative
AH0330_v1_c2	G1	170150	IncFII,IncR,IncFII	MOBF	MPF_F	-	Conjugative
AH0330_v1_c3	G1	158474	IncFIB,IncFII	MOBF	MPF_F	-	Conjugative
AH0331_v1_c2	G1	211840	IncFIB,IncFII,IncFII	MOBF	MPF_F	-	Conjugative
AI2583_v1_c2	G1	178106	IncFIB,IncFII,IncFII	MOBF	MPF_F	-	Conjugative
AI2583_v1_c3	G1	51133	IncR	MOBP,MOBF	MPF_T	MOBF	Conjugative
AI2584_v1_c2	G1	208817	IncFIB,IncFIA,IncFII,IncFII	MOBF	MPF_F	-	Conjugative
AI2585_v1_c2	G1	247179	IncFIB,IncFII	MOBF	MPF_F	-	Conjugative
AI2586_v1_c2	G1	227897	IncFIB,IncFII,IncFII	MOBF	MPF_F	-	Conjugative
AI2587_v1_c2	G1	202067	IncFIB,IncFII,IncFII	MOBF	MPF_F	-	Conjugative
AI2587_v1_c3	G1	47164	IncR	MOBP,MOBF	MPF_T	MOBF	Conjugative
AI2588_v1_c2	G1	204647	IncFIB,IncFII,IncFII	MOBF	MPF_F	-	Conjugative
AI2588_v1_c3	G1	113639	IncFIB,IncFII,IncFII	MOBF	MPF_F	-	Conjugative
AI2589_v1_c2	G1	165967	IncFIB,IncFII,IncFII	MOBF	MPF_F	-	Conjugative
AI2590_v1_c3	G1	51265	IncR	MOBP,MOBF	MPF_T	MOBF	Conjugative
AI2591_v1_c2	G1	227315	IncFIB,IncFII,IncFII	MOBF	MPF_F	-	Conjugative
AI2591_v1_c4	G1	51097	IncR	MOBP,MOBF	MPF_T	MOBF	Conjugative
AI2592_v1_c2	G1	225970	IncFIB,IncFII	MOBF	MPF_F	-	Conjugative
AI2594_v1_c2	G1	201175	IncFIB,IncFII	MOBF	MPF_F	-	Conjugative
AI2595_v1_c2	G1	188579	IncFIB,IncFII	MOBF	MPF_F	-	Conjugative
AI2596_v1_c2	G1	234882	IncFIB,IncFII,IncFII	MOBF	MPF_F	-	Conjugative
AI2597_v5_c2	G1	228143	IncFIB,IncFII,IncFII	MOBF	MPF_F	-	Conjugative
AI2597_v5_c4	G1	53791	IncR	MOBF,MOBP	MPF_T	MOBF	Conjugative
AI2598_v1_c2	G1	109001	IncFIIA,IncFIA,IncFII	MOBF	MPF_F	MOBF	Conjugative
AI2599_v1_c2	G1	174527	IncFIB,IncFII	MOBF	MPF_F	-	Conjugative
AI2600_v1_c2	G1	188493	IncFIB,IncFII	MOBF	MPF_F	-	Conjugative
AI2601_v1_c2	G1	227377	IncFIB,IncFII,IncFII	MOBF	MPF_F	-	Conjugative
AI2603_v1_c2	G1	213041	IncFIB,IncFII,IncFII	MOBF	MPF_F	-	Conjugative
AI2603_v1_c3	G1	40343	IncR	MOBP,MOBF	MPF_T	MOBF	Conjugative
AI2604_v1_c2	G1	143831	IncFIB,IncFII,IncFII	MOBF	MPF_F	-	Conjugative
AI2604_v1_c3	G1	108400	IncR	MOBF,MOBP	MPF_T	MOBF	Conjugative
AI2605_v1_c2	G1	227302	IncFIB,IncFII,IncFII	MOBF	MPF_F	-	Conjugative
AI2606_v1_c3	G1	164038	IncFIB,IncFII	MOBF	MPF_F	-	Conjugative
AI2607_v1_c2	G1	173168	IncFIB,IncFII	MOBF	MPF_F	-	Conjugative
AI2608_v2_c2	G1	195692	IncFIB,IncFII	MOBF	MPF_F	-	Conjugative
AI2610_v1_c2	G1	202067	IncFIB,IncFII,IncFII	MOBF	MPF_F	-	Conjugative
AI2610_v1_c3	G1	37110	IncR	MOBF,MOBP	MPF_T	MOBF	Conjugative
AI2612_v1_c2	G1	190815	IncFII,IncFII,IncFIB	MOBF	MPF_F	-	Conjugative
AI2613_v1_c3	G1	66143	IncFII,IncFII	MOBF	MPF_F	-	Conjugative
AI2614_v1_c3	G1	218602	IncFIB	MOBF	MPF_F	-	Conjugative
AI2619_v1_c4	G50	52637	IncN	MOBF	MPF_T	-	Conjugative
AI2620_v1_c4	G1	95152	IncFII,IncFII	MOBF	MPF_F	-	Conjugative
AI2621_v1_c3	G1	96511	rep_cluster_1418,IncFII	MOBF	MPF_F	-	Conjugative
AI2622_v1_c2	G1	247964	IncFIB,IncFII	MOBF	MPF_F	-	Conjugative
AI2623_v1_c2	G1	253358	IncFIB,IncFII	MOBF	MPF_F	-	Conjugative
AI2626_v1_c2	G1	237704	IncFIB,IncFII,IncFII	MOBF	MPF_F	-	Conjugative
AI2630_v1_c2	G1	227360	IncFIB,IncFII,IncFII	MOBF	MPF_F	-	Conjugative
AI2633_v1_c2	G1	225098	IncFIB,IncFII,IncFII	MOBF	MPF_F	-	Conjugative
AI2633_v1_c4	G1	51281	IncR	MOBF,MOBP	MPF_T	MOBF	Conjugative
AI2634_v1_c2	G1	174712	IncFIB,IncFII,IncFII	MOBF	MPF_F	-	Conjugative
AI2634_v1_c3	G1	113381	IncR	MOBF,MOBP	MPF_T	MOBF	Conjugative
AI2635_v1_c2	G1	417446	IncFII,IncFIB,rep_cluster_1150	MOBF,MOBH	MPF_F	-	Conjugative
AI2635_v1_c4	G1	53260	IncN	MOBF	MPF_T	MOBF	Conjugative
AI2636_v1_c3	G1	166429	IncFIB,IncFII	MOBF	MPF_F	-	Conjugative
AI2637_v1_c2	G1	247222	IncFIB,IncFII	MOBF	MPF_F	-	Conjugative
AI2638_v1_c2	G1	190829	IncFIB,IncFII,IncFII	MOBF	MPF_F	-	Conjugative
AI2639_v1_c2	G1	510571	IncFIB,IncFII,rep_cluster_1150	MOBF,MOBH	MPF_F	-	Conjugative
AI2640_v1_c3	G1	168173	IncFIB,IncFII	MOBF	MPF_F	-	Conjugative
AI2641_v1_c3	G1	168173	IncFIB,IncFII	MOBF	MPF_F	-	Conjugative
AI2642_v1_c2	G1	197744	IncFII,IncFIB,IncFII	MOBF	MPF_F	MOBP	Conjugative
AI2642_v1_c4	G1	37891	IncN	-	MPF_T	MOBF	Mobilizable
AI2643_v1_c2	G1	227132	IncFIB,IncFII	MOBF	MPF_F	-	Conjugative
AI2644_v1_c2	G1	239969	IncFIB,IncFII	MOBF	MPF_F	-	Conjugative
AI2644_v1_c3	G1	114840	IncFIB,IncFII,IncFII	MOBF	MPF_F	-	Conjugative
AI2646_v1_c2	G1	188441	IncFIB,IncFII	MOBF	MPF_F	-	Conjugative
AI2646_v1_c3	G1	114840	IncFIB,IncFII,IncFII	MOBF	MPF_F	-	Conjugative
AI2647_v1_c2	G1	242397	IncFIB,IncFII	MOBF	MPF_F	-	Conjugative
AI2647_v1_c3	G1	114840	IncFIB,IncFII,IncFII	MOBF	MPF_F	-	Conjugative
AI2648_v1_c2	G1	188441	IncFIB,IncFII	MOBF	MPF_F	-	Conjugative
AI2648_v1_c3	G1	114840	IncFIB,IncFII,IncFII	MOBF	MPF_F	-	Conjugative
AI2649_v1_c2	G1	247093	IncFIB,IncFII	MOBF	MPF_F	-	Conjugative
AI2650_v1_c2	G1	242397	IncFIB,IncFII	MOBF	MPF_F	-	Conjugative
AI2650_v1_c3	G1	114840	IncFIB,IncFII,IncFII	MOBF	MPF_F	-	Conjugative
AI2651_v1_c2	G1	209855	IncFIB,IncFII,IncFII	MOBF	MPF_F	-	Conjugative
AI2651_v1_c3	G1	114840	IncFIB,IncFII,IncFII	MOBF	MPF_F	-	Conjugative
AI2651_v1_c4	G1	56641	IncN	MOBF	MPF_T	MOBF	Conjugative
AI2652_v1_c2	G1	242397	IncFIB,IncFII	MOBF	MPF_F	-	Conjugative
AI2652_v1_c3	G1	114840	IncFIB,IncFII,IncFII	MOBF	MPF_F	-	Conjugative
AI2653_v1_c2	G1	242397	IncFIB,IncFII	MOBF	MPF_F	-	Conjugative
AI2653_v1_c3	G1	114840	IncFIB,IncFII,IncFII	MOBF	MPF_F	-	Conjugative
AI2654_v1_c2	G1	242397	IncFIB,IncFII	MOBF	MPF_F	-	Conjugative
AI2655_v1_c2	G1	242483	IncFIB,IncFII	MOBF	MPF_F	-	Conjugative
AI2655_v1_c3	G1	114836	IncFIB,IncFII,IncFII	MOBF	MPF_F	-	Conjugative
AI2660_v1_c2	G1	173778	IncFIB,IncFII,IncFII	MOBF	MPF_F	-	Conjugative
AI2661_v1_c3	G1	149443	IncFII,IncFIB,IncFII	MOBF	MPF_F	MOBP	Conjugative
AI2665_v1_c2	G1	170150	IncFII,IncR,IncFII	MOBF	MPF_F	-	Conjugative
AI2665_v1_c3	G1	158474	IncFIB,IncFII	MOBF	MPF_F	-	Conjugative
AI2669_v1_c2	G1	171349	IncFII,IncR,IncFII	MOBF	MPF_F	-	Conjugative
AI2669_v1_c3	G1	158485	IncFIB,IncFII	MOBF	MPF_F	-	Conjugative
AI2670_v1_c2	G1	194000	IncFIB,IncFII	MOBF	MPF_F	-	Conjugative
AI2675_v1_c2	G1	182080	IncFIB,IncFII,IncFII	MOBF	MPF_F	-	Conjugative
AI2677_v1_c2	G1	240627	IncFIB,IncFII	MOBF	MPF_F	-	Conjugative
AI2681_v1_c2	G1	182079	IncFIB,IncFII,IncFII	MOBF	MPF_F	-	Conjugative
AI2682_v1_c3	G1	66983	rep_cluster_959,IncFII	MOBF	MPF_F	-	Conjugative
AI2686_v1_c2	G1	182080	IncFIB,IncFII,IncFII	MOBF	MPF_F	-	Conjugative
AI2688_v1_c4	G1	111618	IncFII	MOBF	MPF_F	-	Conjugative
AI2693_v1_c2	G1	153380	IncFIB,IncFII	MOBP,MOBF	MPF_F	-	Conjugative
AI2699_v1_c2	G1	209598	IncFIB,IncFII,IncFII	MOBF	MPF_F	-	Conjugative
AI2701_v1_c3	G1	98537	rep_cluster_1418,IncFII	MOBF	MPF_F	-	Conjugative
AI2703_v1_c2	G1	145050	IncFIB,IncFIIA,IncFII	MOBF	MPF_F	MOBF	Conjugative
AI2704_v1_c2	G1	127430	IncFIB,IncFII,IncFII	MOBF	MPF_F	-	Conjugative
AI2705_v1_c1	-	5017737	IncFIB,IncFII	MOBF	MPF_F	-	Conjugative
AI2706_v1_c2	G1	204647	IncFIB,IncFII,IncFII	MOBF	MPF_F	-	Conjugative
AI2706_v1_c3	G1	127275	IncFIB,ColRNAI_rep_cluster_1857,IncFII,IncFII	MOBC,MOBF	MPF_F	-	Conjugative
AI2707_v1_c2	G1	204647	IncFIB,IncFII,IncFII	MOBF	MPF_F	-	Conjugative
AI2707_v1_c3	G1	113639	IncFIB,IncFII,IncFII	MOBF	MPF_F	-	Conjugative
AI2709_v1_c2	G1	238281	IncFIB,IncFII,IncFII	MOBF	MPF_F	-	Conjugative
AI2709_v1_c3	G1	112640	IncFIB,IncFII,IncFII	MOBF	MPF_F	-	Conjugative
AI2710_v1_c2	G1	424614	IncH,rep_cluster_1088,IncFII,IncFIB,IncFII	MOBF,MOBH	MPF_F	MOBH	Conjugative
AI2713_v1_c3	G1	98537	rep_cluster_1418,IncFII	MOBF	MPF_F	-	Conjugative
AI2714_v1_c2	G1	204647	IncFIB,IncFII,IncFII	MOBF	MPF_F	-	Conjugative
AI2714_v1_c3	G1	113639	IncFIB,IncFII,IncFII	MOBF	MPF_F	-	Conjugative
AI2715_v1_c2	G1	125197	IncFIB,IncQ1,IncFIIA,IncFII	MOBP,MOBF	MPF_F	MOBF	Conjugative
AI2719_v1_c1	-	4978857	IncFIB,IncFII	MOBF	MPF_F	-	Conjugative
AI2719_v1_c2	G1	146326	IncFIIA,IncFIA,IncFII	MOBF	MPF_F	MOBF	Conjugative
AI2719_v1_c5	G1	37779	IncN	MOBF	MPF_T	MOBF	Conjugative
AI2721_v1_c2	G1	146311	IncFIIA,IncFIA,IncFII	MOBF	MPF_F	MOBF	Conjugative
AI2721_v1_c3	G1	38262	IncN	MOBF	MPF_T	MOBF	Conjugative
AI2722_v1_c3	G1	113639	IncFIB,IncFII,IncFII	MOBF	MPF_F	-	Conjugative
AI2723_v1_c2	G1	286263	IncFIB,IncFII,IncFII	MOBF	MPF_F	-	Conjugative
AI2739_v1_c3	G1	65869	-	MOBF,MOBP	MPF_T	MOBF	Conjugative
AI2741_v1_c3	G1	65647	IncR	MOBP,MOBF	MPF_T	MOBF	Conjugative
AI2742_v1_c3	G1	66091	IncR	MOBF,MOBP	MPF_T	MOBF	Conjugative
AI2743_v1_c4	G1	50874	IncR	MOBP,MOBF	MPF_T	MOBF	Conjugative
AI2744_v1_c2	G1	195319	IncFIB,rep_cluster_959,IncFII	MOBF	MPF_F	-	Conjugative
AI2744_v1_c4	G1048	10058	IncQ2	MOBF	-	-	Mobilizable
AI2745_v1_c3	G1	66091	IncR	MOBF,MOBP	MPF_T	MOBF	Conjugative
AI2747_v1_c3	G1	211074	IncFII,IncFIB	MOBF	MPF_F	-	Conjugative
AI2747_v1_c4	G1	74916	IncFIIA,IncFII	MOBF	MPF_F	MOBF	Conjugative
AI2748_v1_c3	G1	66091	IncR	MOBF,MOBP	MPF_T	MOBF	Conjugative
AI2749_v1_c4	G1	85476	IncR	MOBP	MPF_T	MOBF	Conjugative
AI2751_v1_c4	G1	51318	IncR	MOBP,MOBF	MPF_T	MOBF	Conjugative
AI2752_v1_c4	G1	65758	IncR	MOBF,MOBP	MPF_T	MOBF	Conjugative
AI2753_v1_c3	G1	48675	IncR	MOBP,MOBF	MPF_T	MOBF	Conjugative
AI2754_v5_c4	G1	50874	IncR	MOBF,MOBP	MPF_T	MOBF	Conjugative
AI2755_v2_c4	G1	34128	IncR	MOBF,MOBP	MPF_T	MOBF	Conjugative
AI2757_v1_c3	G1	105977	IncN,IncR	MOBF,MOBP	MPF_T	MOBF,MOBF	Conjugative
AI2760_v1_c2	G1	279526	IncFII,IncFIB	MOBF	MPF_F	-	Conjugative
AI2760_v1_c3	G1	71107	IncFIIA,IncFII	MOBF	MPF_F	-	Conjugative
AI2761_v1_c3	G1	65906	IncR	MOBP,MOBF	MPF_T	MOBF	Conjugative
AI2762_v1_c2	G1	114323	IncFII	MOBF	MPF_F	-	Conjugative
AI2771_v2_c3	G1	112360	IncL/M,IncN	MOBP,MOBF,MOBP	MPF_I	MOBF	Conjugative
AI2772_v1_c3	G1	154846	IncFII,IncFIA	MOBF	MPF_F	-	Conjugative
AI2776_v1_c2	G1	173773	IncFIB,IncQ1,IncFIIA,IncFII	MOBF	MPF_F	MOBF	Conjugative
AI2777_v1_c3	G1	165815	IncFIB,IncFII	MOBF	MPF_F	-	Conjugative
AI2778_v1_c2	G1	157270	IncFIB,IncFIIA,IncFII	MOBF	MPF_F	MOBF	Conjugative
AI2780_v5_c2	G1	203042	IncFIB,IncFII,IncFII	MOBF	MPF_F	-	Conjugative
AI2781_v1_c3	G1	195691	IncFIB,IncFII	MOBF	MPF_F	-	Conjugative
AI2782_v5_c2	G1	202191	IncFIB,IncFII,IncFII	MOBF	MPF_F	-	Conjugative
AI2784_v1_c2	G1	188120	IncFIB,IncFII,IncFII	MOBF	MPF_F	-	Conjugative
AI2785_v1_c2	G1	171913	IncFIB,IncQ1,IncFIIA,IncFII	MOBF	MPF_F	MOBF	Conjugative
AI2787_v1_c3	G1	194864	IncFIB,IncFII	MOBF	MPF_F	-	Conjugative
AI2790_v1_c2	G1	173773	IncFIB,IncQ1,IncFIIA,IncFII	MOBF	MPF_F	MOBF	Conjugative
AI2791_v1_c3	G1	169661	IncFIB,IncFII	MOBF	MPF_F	-	Conjugative
AI2792_v1_c3	G1	123321	IncFIB,IncFII	MOBF	MPF_F	-	Conjugative
AI2794_v1_c3	G1	194864	IncFIB,IncFII	MOBF	MPF_F	-	Conjugative
AI2797_v1_c2	G1	448858	IncFII,IncFIB,rep_cluster_1088,IncH	MOBF,MOBH	MPF_F	MOBH	Conjugative
AI2800_v1_c2	G1	248007	IncFIB,IncFII	MOBF	MPF_F	-	Conjugative
AI2802_v1_c2	G1	439447	IncFII,IncFIB,rep_cluster_1088,IncH	MOBF,MOBH	MPF_F	MOBH	Conjugative
AI2803_v1_c2	G1	158298	IncFIB,IncFII	MOBF	MPF_F	-	Conjugative
AI2804_v2_c3	G1	204760	IncFII,IncFIB	MOBF	MPF_F	-	Conjugative
AI2805_v1_c2	G1	206480	IncFIB,IncFII,IncFII	MOBF	MPF_F	-	Conjugative
AI2805_v1_c3	G1	117968	IncFIB,IncFII,IncFII	MOBF	MPF_F	-	Conjugative
AI2806_v1_c2	G1	205284	IncFIB,IncFII,IncFII	MOBF	MPF_F	-	Conjugative
AI2806_v1_c3	G1	117590	IncFIB,IncFII,IncFII	MOBF	MPF_F	-	Conjugative
AI2807_v1_c2	G1	137006	IncFIB,IncFII,IncFII	MOBF	MPF_T	-	Conjugative
AI2808_v1_c2	G1	203867	IncFIB,IncFII,IncFII	MOBF	MPF_F	-	Conjugative
AI2808_v1_c3	G1	118687	IncFIB,IncFII,IncFII	MOBF	MPF_F	-	Conjugative
AI2809_v1_c2	G1	117591	IncFIB,IncFII,IncFII	MOBF	MPF_F	-	Conjugative
AI2810_v1_c2	G1	205280	IncFIB,IncFII,IncFII	MOBF	MPF_F	-	Conjugative
AI2810_v1_c3	G1	117590	IncFIB,IncFII,IncFII	MOBF	MPF_F	-	Conjugative
AI2811_v1_c2	G1	117590	IncFIB,IncFII,IncFII	MOBF	MPF_F	-	Conjugative
AI2812_v1_c2	G1	117700	IncFIB,IncFII,IncFII	MOBF	MPF_F	-	Conjugative
AI2813_v1_c3	G1	47554	IncN	MOBF	MPF_T	MOBF	Conjugative
AI2814_v1_c2	G1	207788	IncFIB,IncFII,IncFII	MOBF	MPF_F	-	Conjugative
AI2815_v1_c2	G1	207788	IncFIB,IncFII,IncFII	MOBF	MPF_F	-	Conjugative
AI2816_v1_c2	G1	205918	IncFIB,IncFII,IncFII	MOBF	MPF_F	-	Conjugative
AI2816_v1_c3	G1	117590	IncFIB,IncFII,IncFII	MOBF	MPF_F	-	Conjugative
AI2817_v1_c2	G1	117591	IncFIB,IncFII,IncFII	MOBF	MPF_F	-	Conjugative
AI2818_v1_c2	G1	75339	rep_cluster_1418,IncFII	MOBF	MPF_F	-	Conjugative
AI2819_v5_c2	G1	212774	IncFIB,IncFII,IncFII	MOBF	MPF_F	-	Conjugative
AI2821_v1_c3	G470	2941	ColRNAI_rep_cluster_1857	MOBF	-	MOB_unknown	Mobilizable
AI2822_v1_c1	-	5517947	IncFIB,IncFII	MOBF	MPF_F	-	Conjugative
AI2823_v5_c2	G1	220010	IncFIB,IncFII,IncFII	MOBF	MPF_F	-	Conjugative
AI2823_v5_c4	G1	50751	IncR	MOBF,MOBP	MPF_T	MOBF	Conjugative
AI2824_v5_c2	G1	230081	IncFIB,IncFII,IncFII	MOBF	MPF_F	-	Conjugative
AI2824_v5_c4	G1	51084	IncR	MOBF,MOBP	MPF_T	MOBF	Conjugative
AI2825_v1_c2	G1	226782	IncFIB,IncFII,IncFII	MOBF	MPF_F	-	Conjugative
AI2825_v1_c4	G1	51281	IncR	MOBF,MOBP	MPF_T	MOBF	Conjugative
AI2826_v1_c2	G1	112775	rep_cluster_959,IncFII	MOBF	MPF_F	-	Conjugative
AI2828_v5_c2	G1	131126	IncFIA,IncFII	MOBF	MPF_F	-	Conjugative
AI2829_v1_c2	G1	223831	IncFIB,IncFII,IncFII	MOBF	MPF_F	-	Conjugative
AI2830_v1_c3	G1	70767	IncR,IncFII	MOBF	MPF_F	-	Conjugative
AI2834_v1_c2	G1	145385	IncFIB,IncFIIA,IncFII	-	MPF_F	MOBF	Mobilizable
AI2834_v1_c6	G50	45090	IncN	MOBF	MPF_T	-	Conjugative
AI2838_v1_c2	G1	182619	IncFIB,IncFII,IncFII	MOBF	MPF_F	-	Conjugative
AI2840_v1_c3	G1	166265	IncFIB,IncFII	MOBF	MPF_F	-	Conjugative
AI2841_v1_c3	G1	166264	IncFIB,IncFII	MOBF	MPF_F	-	Conjugative
AI2842_v1_c2	G1	252398	IncFIB	MOBP,MOBF	MPF_F	-	Conjugative
AI2842_v1_c3	G1	103488	rep_cluster_1418,IncFII	MOBF	MPF_F	-	Conjugative
AI2842_v1_c5	G50	33838	IncN	MOBF	MPF_T	-	Conjugative
AI2843_v1_c2	G1	109109	IncFIB,IncQ1,IncFII,IncFIIA,IncFIA	MOBF	-	-	Mobilizable
AI2844_v1_c2	G1	217450	IncFIB,IncFII	MOBF	MPF_F	-	Conjugative
AI2847_v1_c2	G1	190829	IncFIB,IncFII,IncFII	MOBF	MPF_F	-	Conjugative
AI2848_v1_c2	G1	191114	IncFIB,IncFII,IncFII	MOBF	MPF_F	-	Conjugative
AI2850_v1_c4	G1	97286	rep_cluster_1418,IncFII	MOBF	MPF_F	-	Conjugative
AI2850_v1_c6	G1	53078	IncN	MOBF	MPF_T	MOBF	Conjugative
AI2851_v1_c2	G1	224139	IncFIB,IncFII,IncFII	MOBF	MPF_F	-	Conjugative
AI2852_v1_c2	G1	106879	IncFIB,IncFIIA,IncFII	MOBF	-	-	Mobilizable
AI2853_v1_c2	G1	106836	IncFIB,IncFIIA,IncFII	MOBF	-	-	Mobilizable
AI2854_v1_c2	G1	228473	IncFIB,IncFII,IncFII	MOBF	MPF_F	-	Conjugative
AI2858_v1_c2	G1	107837	IncFIB,IncFIIA,IncFII,IncFIA	MOBF	MPF_F	MOBF	Conjugative
AI2859_v1_c2	G1	207148	IncFII,IncFIB	MOBF	MPF_F	-	Conjugative
AI2860_v1_c2	G1	160357	IncFIB,IncQ1,IncFII,IncFIIA	MOBF	MPF_F	MOBF	Conjugative
AI2861_v1_c2	G1	214202	IncFIB,IncFII,IncFII	MOBF	MPF_F	-	Conjugative
AI2862_v1_c1	-	5530992	IncFIB,IncFII	MOBF	MPF_F	-	Conjugative
AI2863_v1_c2	G1	248552	IncFIB,IncFII	MOBF	MPF_F	-	Conjugative
AI2865_v1_c2	G1	123995	IncFII,IncFIB	MOBF	MPF_T	-	Conjugative
AI2867_v1_c2	G1	245322	IncFIB,IncFII	MOBF	MPF_F	-	Conjugative
AI2868_v1_c2	G1	317791	IncFIB,IncFII	MOBF	MPF_F	-	Conjugative
AI2870_v1_c4	G1	52185	IncR	MOBP,MOBF	MPF_T	MOBF	Conjugative
AI2871_v1_c4	G1	51318	IncR	MOBF,MOBP	MPF_T	MOBF	Conjugative
AI2873_v1_c3	G1	51318	IncR	MOBF,MOBP	MPF_T	MOBF	Conjugative
AI2874_v1_c4	G1	44296	IncR	MOBP,MOBF	MPF_T	MOBF	Conjugative
AI2876_v1_c2	G1	37770	IncR	MOBP,MOBF	MPF_T	MOBF	Conjugative
AI2877_v1_c2	G1	51281	IncR	MOBP,MOBF	MPF_T	MOBF	Conjugative
AI2878_v1_c3	G1	89819	IncN,IncFIIA,IncFII	MOBF	MPF_F	MOBF	Conjugative
AI2878_v1_c4	G1	65230	IncR	MOBP	MPF_T	MOBF	Conjugative
AI2879_v1_c4	G1	51281	IncR	MOBF,MOBP	MPF_T	MOBF	Conjugative
AI2880_v1_c3	G1	117913	rep_cluster_1418,IncFII	MOBF	MPF_F	-	Conjugative
AI2882_v1_c2	G1	206671	IncFIB	MOBF	MPF_F	-	Conjugative
AI2883_v1_c2	G1	221186	IncFIB,IncFII	MOBF	MPF_F	-	Conjugative
AI2883_v1_c3	G1	114840	IncFIB,IncFII,IncFII	MOBF	MPF_F	-	Conjugative
AI2885_v1_c2	G1	176999	IncFIB,IncFII	MOBF	MPF_F	-	Conjugative
AI2886_v1_c2	G1	153075	IncFIB,IncFII	MOBF	MPF_F	-	Conjugative
AI2888_v1_c2	G1	201961	IncFIB,IncFII	MOBF	MPF_F	-	Conjugative
AI2889_v1_c2	G1	242397	IncFIB,IncFII	MOBF	MPF_F	-	Conjugative
AI2889_v1_c3	G1	114840	IncFIB,IncFII,IncFII	MOBF	MPF_F	-	Conjugative
AI2890_v1_c2	G1	148717	IncFIB,IncFIIA,IncFII	MOBF	MPF_F	-	Conjugative
AI2891_v1_c3	G1	51318	IncR	MOBF,MOBP	MPF_T	MOBF	Conjugative
AI2892_v1_c5	G1	51133	IncR	MOBF,MOBP	MPF_T	MOBF	Conjugative
AI2894_v1_c2	G1	154854	IncFIB,IncQ1,IncFIIA,IncFII	MOBP,MOBF	MPF_F	MOBF	Conjugative
AI2895_v1_c4	G1	50985	IncR	MOBP,MOBF	MPF_T	MOBF	Conjugative
AI2896_v1_c2	G1	198434	IncFIB	MOBF	MPF_F	-	Conjugative
AI2896_v1_c4	G1	49511	IncN	MOBF	MPF_T	MOBF	Conjugative
AI2897_v1_c2	G1	51207	IncR	MOBF,MOBP	MPF_T	MOBF	Conjugative
AI2898_v1_c2	G1	119298	rep_cluster_1418,IncFII	MOBF	MPF_F	-	Conjugative
AI2899_v1_c4	G1	117810	IncFIB,IncFIIA,IncFII,IncFIA	MOBF	MPF_F	MOBF	Conjugative
AI2900_v1_c3	G1	51318	IncR	MOBP,MOBF	MPF_T	MOBF	Conjugative
AI2901_v1_c2	G1	221878	IncFIB,IncFII	MOBF	MPF_F	-	Conjugative
AI2901_v1_c3	G1	114840	IncFIB,IncFII,IncFII	MOBF	MPF_F	-	Conjugative
AI2901_v1_c4	G1	52237	IncN	MOBF	MPF_T	MOBF	Conjugative
AI2902_v1_c4	G1	50985	IncR	MOBP,MOBF	MPF_T	MOBF	Conjugative
AI2903_v1_c2	G1	255644	IncFIB,IncFII,rep_cluster_959,IncFII	MOBF	MPF_F	-	Conjugative
AI2907_v1_c2	G1	237536	IncFIB,IncFII,IncFII	MOBF	MPF_F	-	Conjugative
AI2908_v1_c2	G1	242551	IncFII,IncFII,IncFIB	MOBF	MPF_F	MOBP	Conjugative
AI2908_v1_c3	G1	140302	IncFIB,IncFII	MOBF	MPF_F	-	Conjugative
AI2909_v1_c2	G1	136203	rep_cluster_1418,IncFII	MOBF	MPF_F	-	Conjugative
AI2909_v1_c4	G1	38130	IncR	MOBF,MOBP	MPF_T	MOBF	Conjugative
AI2910_v1_c2	G1	186027	IncFII,IncFII,IncFIB	MOBF	MPF_F	-	Conjugative
AI2910_v1_c3	G1	57514	IncR	MOBF,MOBP	MPF_T	MOBF	Conjugative
AI2912_v1_c1	-	5594246	IncFIB,IncFII	MOBF	MPF_F	-	Conjugative
AI2913_v1_c2	G1	191161	IncFIB,IncFII	MOBF	MPF_F	-	Conjugative
AI2914_v1_c3	G1	145293	IncFIB,IncFII,IncFII	MOBF	MPF_F	-	Conjugative
AI2914_v1_c4	G1	86446	IncR	MOBF,MOBP	MPF_T	MOBF	Conjugative
AI2917_v1_c1	-	5590497	IncFII,IncFIB	MOBF	MPF_F	-	Conjugative
AI2919_v1_c3	G1	168528	IncFII,IncFII,IncFIB	MOBF	MPF_F	-	Conjugative
AI2919_v1_c4	G1	52407	IncR	MOBP,MOBF	MPF_T	MOBF	Conjugative
AI2920_v1_c1	-	5567936	IncFIB,IncFII	MOBF	MPF_F	-	Conjugative
AI2921_v1_c2	G1	224789	IncFIB,IncFII	MOBF	MPF_F	-	Conjugative
AI2921_v1_c4	G17	40104	IncN	MOBF	MPF_T	-	Conjugative
AI2922_v1_c4	G1	51281	IncR	MOBF,MOBP	MPF_T	MOBF	Conjugative
AI2923_v1_c2	G1	190220	IncFIB,IncFII	MOBF	MPF_F	-	Conjugative
AI2925_v1_c2	G1	162215	IncFII,IncR,IncFII	MOBF	MPF_F	-	Conjugative
AI2927_v1_c1	-	5663976	IncFIB,IncFII	MOBF	MPF_F	-	Conjugative
AI2927_v1_c2	G1	65903	rep_cluster_959,IncFII	MOBF	MPF_F	-	Conjugative
AI2928_v1_c2	G1	97068	IncFIIA,IncFII	MOBF	MPF_F	MOBF	Conjugative
AI2929_v1_c3	G1	194711	IncFIB,IncFII	MOBF	MPF_F	-	Conjugative
AI2930_v1_c2	G1	179440	IncFIB,IncFII	MOBF	MPF_F	-	Conjugative
AI2930_v1_c4	G1	51792	IncN	MOBF	MPF_T	MOBF	Conjugative
AI2931_v1_c2	G1	191958	IncFIB,IncFII	MOBF	MPF_F	-	Conjugative
AI2932_v1_c2	G1	196520	IncFIB,IncFII	MOBF	MPF_F	-	Conjugative
AI2934_v1_c3	G1	106240	IncFII,IncFII,IncFIB	MOBF	MPF_F	-	Conjugative
AI2934_v1_c4	G1	84622	rep_cluster_1418,IncFII	MOBF	MPF_F	-	Conjugative
AI2935_v1_c4	G1	86953	IncN	MOBF	MPF_T	MOBF	Conjugative
AI2937_v1_c2	G1	247179	IncFIB,IncFII	MOBF	MPF_F	-	Conjugative
AI2940_v1_c2	G1	286491	IncFIB,ColRNAI_rep_cluster_1857,IncFII,IncFII	MOBC,MOBF	MPF_F	-	Conjugative
AI2942_v1_c2	G1	181487	IncFIB,IncFII,IncFII	MOBF	MPF_F	-	Conjugative
AI2943_v1_c2	G1	123302	IncFIA	MOBF	-	-	Mobilizable
AI2943_v1_c6	G1	47284	IncN	MOBF	MPF_T	MOBF	Conjugative
AI2949_v1_c2	G1	128607	IncFIB,IncFIIA,IncFII,IncFIA	MOBF	MPF_F	MOBF	Conjugative
AI2951_v1_c2	G1	90741	IncFIIA,IncFII	MOBF	MPF_F	MOBF	Conjugative
AI2952_v1_c2	G1	183280	IncFIB,IncFII,IncFII	MOBF	MPF_F	-	Conjugative
AI2953_v1_c2	G1	180441	IncFIB,IncFII	MOBF	MPF_F	-	Conjugative
AI2953_v1_c4	G1	47284	IncN	MOBF	MPF_T	MOBF	Conjugative
AI2954_v5_c2	G1	157723	IncFIB	MOBF	MPF_F	-	Conjugative
AI2954_v5_c3	G1	46606	IncR	MOBF,MOBP	MPF_T	MOBF	Conjugative
AI2958_v1_c2	G1	143672	IncFIB,IncR	MOBP,MOBF	MPF_T	MOBF	Conjugative
AI2959_v1_c2	G1	115409	IncFIB,IncFII,IncFIA	MOBF	MPF_F	MOBF	Conjugative
AI2959_v1_c4	G1	100287	IncFIIA,IncFII	MOBF	MPF_F	MOBF	Conjugative
AI2960_v1_c3	G1	238024	IncFIB,IncFII	MOBF	MPF_F	-	Conjugative
AI2961_v1_c3	G1	229632	IncFIB,IncFII	MOBF	MPF_F	-	Conjugative
AI2962_v1_c3	G1	242274	IncFIB,IncFII	MOBF	MPF_F	-	Conjugative
AI2963_v1_c2	G1	76491	IncFIIA,IncFII	MOBF	MPF_F	MOBF	Conjugative
AI2965_v1_c3	G1	226149	IncFIB	MOBF	MPF_F	-	Conjugative
AI2966_v1_c3	G1	180654	IncFIB,IncFII	MOBF	MPF_F	-	Conjugative
AI2967_v1_c2	G1	184932	IncFIB,IncFII	MOBF	MPF_F	-	Conjugative
AI2968_v1_c3	G1	178044	IncFIB,IncFII	MOBF	MPF_F	-	Conjugative
AI2969_v1_c3	G1	209383	IncFIB,IncFII	MOBF	MPF_F	-	Conjugative
AI2970_v1_c3	G1	234442	IncFIB,IncFII	MOBF	MPF_F	-	Conjugative
AI2971_v1_c2	G1	211103	IncFIB,IncFII,IncFII	MOBF	MPF_F	-	Conjugative
AI2971_v1_c3	G1	41986	IncR	MOBF,MOBP	MPF_T	MOBF	Conjugative
AI2973_v2_c3	G1	98795	IncR	MOBP,MOBF	MPF_T	MOBF	Conjugative
AI2974_v1_c3	G1	239351	IncFIB,IncFII	MOBF	MPF_F	-	Conjugative
AI2975_v1_c2	G1	492580	IncFIB,rep_cluster_1150,IncFII	MOBH,MOBF	MPF_F	-	Conjugative
AI2976_v1_c3	G1	242274	IncFIB,IncFII	MOBF	MPF_F	-	Conjugative
AI2977_v1_c3	G1	48342	IncR	MOBP,MOBF	MPF_T	MOBF	Conjugative
AI2978_v1_c2	G1	73942	IncFIIA,IncFII	MOBF	MPF_F	MOBF	Conjugative
AI2981_v1_c2	G1	130092	IncFIB,IncQ1	MOBF	-	-	Mobilizable
AI2981_v1_c4	G1	78039	IncFII,IncFII	MOBF	MPF_F	-	Conjugative
AI2981_v1_c5	G1	58272	IncFIIA,IncFII	MOBF	MPF_F	-	Conjugative
AI2983_v1_c2	G1	213376	IncFIB	MOBF	MPF_F	-	Conjugative
AI2984_v2_c2	G1	266951	IncFII,IncFIB	MOBF	MPF_F	-	Conjugative
AI2989_v1_c4	G1	62634	IncR	MOBF,MOBP	MPF_T	MOBF	Conjugative
AI2994_v1_c2	G1	169171	IncFIB,IncFIIA,IncFII	MOBF	MPF_F	MOBP,MOBP	Conjugative
AI2999_v1_c2	G1	72965	IncFIIA,IncFII	MOBF	MPF_F	MOBF	Conjugative
AI3001_v1_c3	G1	186844	IncFIB,IncFII	MOBF	MPF_F	-	Conjugative
AI3003_v1_c3	G1	173632	IncFIB,IncFII	MOBF	MPF_F	-	Conjugative
AI3004_v1_c3	G1	195692	IncFIB,IncFII	MOBF	MPF_F	-	Conjugative
AI3007_v1_c2	G1	215903	IncFIB,rep_cluster_1418,IncFII	MOBF	MPF_F	-	Conjugative
AI3008_v1_c3	G1	91795	rep_cluster_1418,IncFII	MOBF	MPF_F	-	Conjugative
AI3009_v1_c3	G1	171349	IncFIB,IncFII	MOBF	MPF_F	-	Conjugative
AI3010_v1_c2	G1	131788	IncFIB,IncFII,IncFII	MOBF	MPF_F	-	Conjugative
AI3010_v1_c3	G1	51757	IncN	MOBF	MPF_T	MOBF	Conjugative
AI3011_v1_c2	G1	190281	IncFIB,IncFII,IncFII	MOBF	MPF_F	-	Conjugative
AI3013_v2_c3	G1	196573	IncFII,IncFIB	MOBF	MPF_F	-	Conjugative
AI3018_v1_c2	G1	201250	IncFIB,IncFII	MOBF	MPF_F	-	Conjugative
AI3021_v1_c2	G1	246621	IncFIB,IncFII,IncFII	MOBF	MPF_F	-	Conjugative
AI3024_v1_c2	G1	227227	IncFIB,IncFII,IncFII	MOBF	MPF_F	-	Conjugative
AI3024_v1_c3	G1	113903	IncFIB,IncFII,IncFII	MOBF	MPF_F	-	Conjugative
AI3025_v1_c3	G1	178274	IncFIB,IncFII,IncFII	MOBF	MPF_F	-	Conjugative
AI3027_v1_c2	G1	156895	IncFIB,IncFII,IncFII	MOBF	MPF_F	-	Conjugative
AI3027_v1_c4	G1	55511	IncR	MOBP,MOBF	MPF_T	MOBF	Conjugative
AI3028_v1_c2	G1	195692	IncFIB,IncFII	MOBF	MPF_F	-	Conjugative
AI3030_v1_c2	G1	187217	IncFIB,IncFII	MOBF	MPF_F	-	Conjugative
AI3031_v1_c2	G1	247093	IncFIB,IncFII	MOBF	MPF_F	-	Conjugative
AI3031_v1_c3	G1	102385	IncFIB,IncFII,IncFII	MOBF	MPF_F	-	Conjugative
AI3036_v1_c2	G1	182093	IncFIB,IncFII,IncFII	MOBF	MPF_F	-	Conjugative
AI3039_v1_c3	G1	240138	IncFIB,IncFII	MOBF	MPF_F	-	Conjugative
AI3040_v1_c2	G1	521847	IncFII,IncFIB,rep_cluster_1150	MOBH,MOBF	MPF_F	-	Conjugative
AI3041_v1_c2	G1	347740	IncFIB	MOBH,MOBF	MPF_F	-	Conjugative
AI3042_v1_c2	G1	214043	IncFIB,IncFII,IncFII	MOBF	MPF_F	-	Conjugative
AI3043_v5_c2	G1	214043	IncFIB,IncFII,IncFII	MOBF	MPF_F	-	Conjugative
AI3044_v1_c3	G1	91304	IncFIB,IncFII	MOBF	MPF_F	-	Conjugative
AI3046_v2_c2	G1	205280	IncFIB,IncFII,IncFII	MOBF	MPF_F	-	Conjugative
AI3046_v2_c3	G1	114203	IncFIB,IncFII,IncFII	MOBF	MPF_F	-	Conjugative
AI3047_v1_c2	G1	214043	IncFIB,IncFII,IncFII	MOBF	MPF_F	-	Conjugative
AI3049_v1_c3	G1	91304	IncFIB,IncFII	MOBF	MPF_F	-	Conjugative
AI3050_v1_c2	G1	159426	IncFIB,IncFII,IncFII	MOBF	MPF_F	-	Conjugative
AI3051_v1_c2	G1	217985	IncFIB,IncFII,IncFII	MOBF	MPF_F	-	Conjugative
AI3051_v1_c3	G1	65517	rep_cluster_2050,ColRNAI_rep_cluster_1987,IncR	MOBF,MOBP	MPF_T	MOBF	Conjugative
AI3052_v1_c2	G1	214043	IncFIB,IncFII,IncFII	MOBF	MPF_F	-	Conjugative
AI3054_v1_c2	G1	214043	IncFIB,IncFII,IncFII	MOBF	MPF_F	-	Conjugative
AI3055_v1_c2	G1	148814	IncR	MOBF	MPF_F	-	Conjugative
AI3058_v1_c9	G50	48499	IncN	MOBF	MPF_T	-	Conjugative
AI3059_v2_c3	G1	158488	IncFIB,IncFII,IncFII	MOBF	MPF_F	-	Conjugative
AI3059_v2_c5	G1	100558	rep_cluster_959	MOBF	MPF_F	-	Conjugative
AI3059_v2_c6	G50	53579	IncN	MOBF	MPF_T	-	Conjugative
AI3063_v1_c2	G1	249613	IncR,IncFII,IncFII,IncFIB	MOBP,MOBF	MPF_F	MOBF	Conjugative
AI3064_v2_c2	G1	194864	IncFIB,IncFII	MOBF	MPF_F	-	Conjugative
AI3067_v1_c3	G1	181813	IncFIB,IncFII,IncFII	MOBF	MPF_F	-	Conjugative
AI3067_v1_c4	G1	109149	IncN,IncFIA,IncR	MOBF	MPF_T	MOBF	Conjugative
AI3069_v1_c3	G1	183065	IncFIB,rep_cluster_2050,ColRNAI_rep_cluster_1987,IncFII	MOBF	MPF_F	-	Conjugative
AI3070_v1_c3	G1	104126	IncR,IncFII	MOBF	MPF_F	-	Conjugative
AN2338_v1_c2	G1	263040	IncFIB,IncX3,IncFII,IncFII	MOBP,MOBF	MPF_F	-	Conjugative
AN2339_v1_c2	G1	256834	IncFIB,IncFII,IncFII	MOBF	MPF_F	-	Conjugative
AN2341_v1_c6	G1	128784	IncFIB,IncFII,IncFII	MOBF	MPF_F	-	Conjugative
AN2341_v1_c9	G1	79572	-	MOBF	MPF_T	MOBF	Conjugative
AN2342_v1_c2	G1	223830	IncFIB,IncFII,IncFII	MOBF	MPF_F	-	Conjugative
AN2343_v1_c2	G1	236630	IncFIB,IncFII	MOBF	MPF_F	-	Conjugative
AN2343_v1_c3	G1	83352	rep_cluster_1418,IncFII	MOBF	MPF_F	-	Conjugative
AN2344_v1_c2	G1	210940	IncFIB,IncFII,IncFII	MOBF	MPF_F	-	Conjugative
AN2346_v1_c2	G1	188246	IncFIB,IncFII	MOBP,MOBF	MPF_F	-	Conjugative
AN2347_v1_c2	G1	193601	IncFIB,IncFII	MOBF	MPF_F	-	Conjugative
AN2349_v1_c2	G1	403254	IncFII,IncFIB,rep_cluster_1150	MOBH,MOBF	MPF_F	-	Conjugative
AN2350_v1_c2	G1	138749	IncFIB,rep_cluster_1418,IncFII,IncFII	MOBF	MPF_F	-	Conjugative
AN2353_v1_c3	G17	35534	IncN	MOBF	MPF_T	-	Conjugative
AN2354_v1_c2	G1	192324	IncFIB,IncFII,IncFII	MOBF	MPF_F	-	Conjugative
AN2355_v1_c2	G1	192775	IncFIB,IncFII	MOBF	MPF_F	-	Conjugative
AN2356_v1_c2	G1	103057	IncFIB	MOBF	MPF_F	-	Conjugative
AN2357_v1_c2	G1	287806	IncFIB,rep_cluster_1418,IncR,IncFII,IncFII	MOBF	MPF_F	-	Conjugative
AN2360_v1_c3	G1	66143	IncFII,IncFII	MOBF	MPF_F	-	Conjugative
AN2361_v1_c2	G1	202776	IncFIB,IncFII,IncFII	MOBF	MPF_F	-	Conjugative
AN2364_v1_c3	G1	64579	IncN	MOBF	MPF_T	MOBF	Conjugative
